"id","type","name","province_id","latitude","longitude","created_at","updated_at","deleted_at"
"1","Kabupaten","Aceh Barat","21","4.45","96.16667","2021-10-20 15:19:47","2021-11-26 14:43:03",NULL
"2","Kabupaten","Aceh Barat Daya","21","3.83333","96.88333","2021-10-20 15:19:47","2021-11-26 14:43:03",NULL
"3","Kabupaten","Aceh Besar","21","5.38333","95.51667","2021-10-20 15:19:47","2021-11-26 14:43:03",NULL
"4","Kabupaten","Aceh Jaya","21","4.86","95.64","2021-10-20 15:19:47","2021-11-26 14:43:03",NULL
"5","Kabupaten","Aceh Selatan","21","3.16667","97.41667","2021-10-20 15:19:47","2021-11-26 14:43:03",NULL
"6","Kabupaten","Aceh Singkil","21","2.41667","97.91667","2021-10-20 15:19:47","2021-11-26 14:43:03",NULL
"7","Kabupaten","Aceh Tamiang","21","4.25","97.96667","2021-10-20 15:19:47","2021-11-26 14:43:03",NULL
"8","Kabupaten","Aceh Tengah","21","4.51","96.855","2021-10-20 15:19:47","2021-11-26 14:43:03",NULL
"9","Kabupaten","Aceh Tenggara","21","3.36667","97.7","2021-10-20 15:19:47","2021-11-26 14:43:03",NULL
"10","Kabupaten","Aceh Timur","21","4.63333","97.63333","2021-10-20 15:19:47","2021-11-26 14:43:03",NULL
"11","Kabupaten","Aceh Utara","21","4.97","97.14","2021-10-20 15:19:47","2021-11-26 14:43:03",NULL
"12","Kabupaten","Agam","32","-0.25","100.16667","2021-10-20 15:19:47","2021-11-26 14:43:05",NULL
"13","Kabupaten","Alor","23","-8.3","124.56667","2021-10-20 15:19:47","2021-11-26 14:43:08",NULL
"14","Kota","Ambon","19","-3.7","128.18333","2021-10-20 15:19:47","2021-11-26 14:43:10",NULL
"15","Kabupaten","Asahan","34","2.78333","99.55","2021-10-20 15:19:47","2021-11-26 14:43:04",NULL
"16","Kabupaten","Asmat","24","-5.3795","138.46344","2021-10-20 15:19:47","2021-11-26 14:43:10",NULL
"17","Kabupaten","Badung","1","-8.51667","115.2","2021-10-20 15:19:47","2021-11-26 14:43:08",NULL
"18","Kabupaten","Balangan","13","-2.32314","115.62922","2021-10-20 15:19:47","2021-11-26 14:43:09",NULL
"19","Kota","Balikpapan","15","-1.16667","116.88333","2021-10-20 15:19:47","2021-11-26 14:43:09",NULL
"20","Kota","Banda Aceh","21","5.54167","95.33333","2021-10-20 15:19:47","2021-11-26 14:43:03",NULL
"21","Kota","Bandar Lampung","18","-5.41667","105.25","2021-10-20 15:19:47","2021-11-26 14:43:07",NULL
"22","Kabupaten","Bandung","9","-7.1","107.6","2021-10-20 15:19:47","2021-11-26 14:43:07",NULL
"23","Kota","Bandung","9","-6.9175","107.62444","2021-10-20 15:19:47","2021-11-26 14:43:07",NULL
"24","Kabupaten","Bandung Barat","9","-6.83333","107.48333","2021-10-20 15:19:47","2021-11-26 14:43:07",NULL
"25","Kabupaten","Banggai","29","-1.2835","122.8892","2021-10-20 15:19:47","2021-11-26 14:43:09",NULL
"26","Kabupaten","Banggai Kepulauan","29","-1.6424","123.54881","2021-10-20 15:19:47","2021-11-26 14:43:09",NULL
"27","Kabupaten","Bangka","2","-1.91667","105.93333","2021-10-20 15:19:47","2021-11-26 14:43:07",NULL
"28","Kabupaten","Bangka Barat","2","-1.95839","105.53741","2021-10-20 15:19:47","2021-11-26 14:43:07",NULL
"29","Kabupaten","Bangka Selatan","2","-2.66803","106.01257","2021-10-20 15:19:47","2021-11-26 14:43:07",NULL
"30","Kabupaten","Bangka Tengah","2","-2.33989","106.1142","2021-10-20 15:19:47","2021-11-26 14:43:07",NULL
"31","Kabupaten","Bangkalan","11","-7.05","112.93333","2021-10-20 15:19:47","2021-11-26 14:43:08",NULL
"32","Kabupaten","Bangli","1","-8.28333","115.35","2021-10-20 15:19:47","2021-11-26 14:43:08",NULL
"33","Kabupaten","Banjar","13","-3.31667","115.08333","2021-10-20 15:19:47","2021-11-26 14:43:09",NULL
"34","Kota","Banjar","9","-7.36996","108.53209","2021-10-20 15:19:47","2021-11-26 14:43:07",NULL
"35","Kota","Banjar Baru","13","-3.41667","114.83333","2021-10-20 15:19:47","2021-11-26 14:47:07",NULL
"36","Kota","Banjarmasin","13","-3.32444","114.59102","2021-10-20 15:19:47","2021-11-26 14:43:09",NULL
"37","Kabupaten","Banjarnegara","10","-7.35111","109.5875","2021-10-20 15:19:47","2021-11-26 14:43:07",NULL
"38","Kabupaten","Bantaeng","28","-5.48333","119.98333","2021-10-20 15:19:47","2021-11-26 14:43:09",NULL
"39","Kabupaten","Bantul","5","-7.9","110.36667","2021-10-20 15:19:47","2021-11-26 14:43:08",NULL
"40","Kabupaten","Banyuasin","33","-2.88333","104.38306","2021-10-20 15:19:47","2021-11-26 14:47:06",NULL
"41","Kabupaten","Banyumas","10","-7.45","109.16667","2021-10-20 15:19:47","2021-11-26 14:43:07",NULL
"42","Kabupaten","Banyuwangi","11","-8.33333","114.2","2021-10-20 15:19:47","2021-11-26 14:43:08",NULL
"43","Kabupaten","Barito Kuala","13","-3.08333","114.61667","2021-10-20 15:19:47","2021-11-26 14:43:09",NULL
"44","Kabupaten","Barito Selatan","14","-1.86667","114.73333","2021-10-20 15:19:47","2021-11-26 14:43:09",NULL
"45","Kabupaten","Barito Timur","14","-1.93333","115.1","2021-10-20 15:19:47","2021-11-26 14:43:09",NULL
"46","Kabupaten","Barito Utara","14","-0.98333","115.1","2021-10-20 15:19:47","2021-11-26 14:43:09",NULL
"47","Kabupaten","Barru","28","-4.43333","119.68333","2021-10-20 15:19:47","2021-11-26 14:43:09",NULL
"48","Kota","Batam","17","1.05211","104.02851","2021-10-20 15:19:47","2021-11-26 14:43:07",NULL
"49","Kabupaten","Batang","10","-7.03333","109.88333","2021-10-20 15:19:47","2021-11-26 14:43:08",NULL
"50","Kabupaten","Batang Hari","8","-1.75","103.11667","2021-10-20 15:19:47","2021-11-26 14:43:06",NULL
"51","Kota","Batu","11","-7.83272","112.53751","2021-10-20 15:19:47","2021-11-26 14:43:08",NULL
"52","Kabupaten","Batu Bara","34","3.16166","99.52652","2021-10-20 15:19:47","2021-11-26 14:43:04",NULL
"53","Kota","Bau-Bau","30","-5.477","122.6166","2021-10-20 15:19:47","2021-11-26 14:50:49",NULL
"54","Kabupaten","Bekasi","9","-6.24667","107.10833","2021-10-20 15:19:47","2021-11-26 14:43:07",NULL
"55","Kota","Bekasi","9","-6.28333","106.98333","2021-10-20 15:19:47","2021-11-26 14:43:07",NULL
"56","Kabupaten","Belitung","2","-2.86667","107.7","2021-10-20 15:19:47","2021-11-26 14:43:07",NULL
"57","Kabupaten","Belitung Timur","2","-2.9627","108.15216","2021-10-20 15:19:47","2021-11-26 14:43:07",NULL
"58","Kabupaten","Belu","23","-9.41258","124.95066","2021-10-20 15:19:47","2021-11-26 14:43:08",NULL
"59","Kabupaten","Bener Meriah","21","4.73015","96.86156","2021-10-20 15:19:47","2021-11-26 14:43:03",NULL
"60","Kabupaten","Bengkalis","26","0.9838","102.5096","2021-10-20 15:19:47","2021-11-26 14:43:06",NULL
"61","Kabupaten","Bengkayang","12","1.06911","109.66393","2021-10-20 15:19:47","2021-11-26 14:43:09",NULL
"62","Kota","Bengkulu","4","-3.81667","102.31667","2021-10-20 15:19:47","2021-11-26 14:43:06",NULL
"63","Kabupaten","Bengkulu Selatan","4","-4.35","103.03333","2021-10-20 15:19:47","2021-11-26 14:43:06",NULL
"64","Kabupaten","Bengkulu Tengah","4","-3.20679","102.12616","2021-10-20 15:19:47","2021-11-26 14:43:06",NULL
"65","Kabupaten","Bengkulu Utara","4","-3.33333","102.05","2021-10-20 15:19:47","2021-11-26 14:43:06",NULL
"66","Kabupaten","Berau","15","2","117.3","2021-10-20 15:19:47","2021-11-26 14:43:09",NULL
"67","Kabupaten","Biak Numfor","24","-1.03333","136","2021-10-20 15:19:47","2021-11-26 14:43:10",NULL
"68","Kabupaten","Bima","22","-8.6","118.61667","2021-10-20 15:19:47","2021-11-26 14:43:08",NULL
"69","Kota","Bima","22","-8.46728","118.75259","2021-10-20 15:19:47","2021-11-26 14:43:08",NULL
"70","Kota","Binjai","34","3.8","108.23333","2021-10-20 15:19:47","2021-11-26 14:43:04",NULL
"71","Kabupaten","Bintan","17","0.95","104.61944","2021-10-20 15:19:47","2021-11-26 14:43:07",NULL
"72","Kabupaten","Bireuen","21","5.08333","96.58333","2021-10-20 15:19:47","2021-11-26 14:43:03",NULL
"73","Kota","Bitung","31","1.48333","125.15","2021-10-20 15:19:47","2021-11-26 14:43:09",NULL
"74","Kabupaten","Blitar","11","-8.13333","112.25","2021-10-20 15:19:47","2021-11-26 14:43:08",NULL
"75","Kota","Blitar","11","-8.1","112.16667","2021-10-20 15:19:47","2021-11-26 14:43:08",NULL
"76","Kabupaten","Blora","10","-7.06667","111.38333","2021-10-20 15:19:47","2021-11-26 14:43:07",NULL
"77","Kabupaten","Boalemo","7","0.62689","122.3568","2021-10-20 15:19:47","2021-11-26 14:43:10",NULL
"78","Kabupaten","Bogor","9","-6.58333","106.71667","2021-10-20 15:19:47","2021-11-26 14:43:07",NULL
"79","Kota","Bogor","9","-6.59167","106.8","2021-10-20 15:19:47","2021-11-26 14:43:07",NULL
"80","Kabupaten","Bojonegoro","11","-7.25","111.8","2021-10-20 15:19:47","2021-11-26 14:43:08",NULL
"81","Kabupaten","Bolaang Mongondow (Bolmong)","31","0.75","124.08333","2021-10-20 15:19:47","2021-11-26 14:50:49",NULL
"82","Kabupaten","Bolaang Mongondow Selatan","31","0.40912","123.75961","2021-10-20 15:19:47","2021-11-26 14:43:09",NULL
"83","Kabupaten","Bolaang Mongondow Timur","31","0.72073","124.50256","2021-10-20 15:19:47","2021-11-26 14:43:09",NULL
"84","Kabupaten","Bolaang Mongondow Utara","31","0.78527","123.41766","2021-10-20 15:19:47","2021-11-26 14:43:09",NULL
"85","Kabupaten","Bombana","30","-4.6257","121.81641","2021-10-20 15:19:47","2021-11-26 14:43:10",NULL
"86","Kabupaten","Bondowoso","11","-7.9404","113.9834","2021-10-20 15:19:47","2021-11-26 14:43:08",NULL
"87","Kabupaten","Bone","28","-4.7","120.13333","2021-10-20 15:19:47","2021-11-26 14:43:09",NULL
"88","Kabupaten","Bone Bolango","7","0.50296","123.27501","2021-10-20 15:19:47","2021-11-26 14:43:10",NULL
"89","Kota","Bontang","15","0.12526","117.49603","2021-10-20 15:19:47","2021-11-26 14:43:09",NULL
"90","Kabupaten","Boven Digoel","24","-5.70519","140.36349","2021-10-20 15:19:47","2021-11-26 14:43:10",NULL
"91","Kabupaten","Boyolali","10","-7.5","110.7","2021-10-20 15:19:47","2021-11-26 14:43:07",NULL
"92","Kabupaten","Brebes","10","-7.05","108.9","2021-10-20 15:19:47","2021-11-26 14:43:08",NULL
"93","Kota","Bukittinggi","32","-0.275","100.375","2021-10-20 15:19:47","2021-11-26 14:43:05",NULL
"94","Kabupaten","Buleleng","1","-8.25","114.96667","2021-10-20 15:19:47","2021-11-26 14:43:08",NULL
"95","Kabupaten","Bulukumba","28","-5.41667","120.23333","2021-10-20 15:19:47","2021-11-26 14:43:09",NULL
"96","Kabupaten","Bulungan (Bulongan)","16","3","117.16667","2021-10-20 15:19:47","2021-11-26 14:50:49",NULL
"97","Kabupaten","Bungo","8","-1.50222","101.96","2021-10-20 15:19:47","2021-11-26 14:43:06",NULL
"98","Kabupaten","Buol","29","0.75","120.75","2021-10-20 15:19:47","2021-11-26 14:43:09",NULL
"99","Kabupaten","Buru","19","-3.32767","126.68413","2021-10-20 15:19:47","2021-11-26 14:43:10",NULL
"100","Kabupaten","Buru Selatan","19","-3.52187","126.59271","2021-10-20 15:19:47","2021-11-26 14:43:10",NULL
"101","Kabupaten","Buton","30","-5.31667","122.58333","2021-10-20 15:19:47","2021-11-26 14:43:10",NULL
"102","Kabupaten","Buton Utara","30","-5.01457","122.93015","2021-10-20 15:19:47","2021-11-26 14:43:10",NULL
"103","Kabupaten","Ciamis","9","-7.28333","108.41667","2021-10-20 15:19:47","2021-11-26 14:43:07",NULL
"104","Kabupaten","Cianjur","9","-6.7725","107.08306","2021-10-20 15:19:47","2021-11-26 14:43:07",NULL
"105","Kabupaten","Cilacap","10","-7.57417","108.98861","2021-10-20 15:19:47","2021-11-26 14:43:07",NULL
"106","Kota","Cilegon","3","-6.01667","106.01667","2021-10-20 15:19:47","2021-11-26 14:43:08",NULL
"107","Kota","Cimahi","9","-6.89167","107.55","2021-10-20 15:19:47","2021-11-26 14:43:07",NULL
"108","Kabupaten","Cirebon","9","-6.8","108.56667","2021-10-20 15:19:47","2021-11-26 14:43:07",NULL
"109","Kota","Cirebon","9","-6.75","108.55","2021-10-20 15:19:47","2021-11-26 14:43:07",NULL
"110","Kabupaten","Dairi","34","2.86667","98.23333","2021-10-20 15:19:47","2021-11-26 14:43:04",NULL
"111","Kabupaten","Deiyai (Deliyai)","24","-3.94737","135.95032","2021-10-20 15:19:47","2021-11-26 14:50:49",NULL
"112","Kabupaten","Deli Serdang","34","3.41667","98.66667","2021-10-20 15:19:47","2021-11-26 14:43:04",NULL
"113","Kabupaten","Demak","10","-6.8993","110.6122","2021-10-20 15:19:47","2021-11-26 14:43:07",NULL
"114","Kota","Denpasar","1","-8.66667","115.21663","2021-10-20 15:19:47","2021-11-26 14:43:08",NULL
"115","Kota","Depok","9","-6.4","106.81667","2021-10-20 15:19:47","2021-11-26 14:43:07",NULL
"116","Kabupaten","Dharmasraya","32","-1.05","101.367","2021-10-20 15:19:47","2021-11-26 14:43:05",NULL
"117","Kabupaten","Dogiyai","24","-4.03186","135.43945","2021-10-20 15:19:47","2021-11-26 14:43:10",NULL
"118","Kabupaten","Dompu","22","-8.5094","118.4816","2021-10-20 15:19:47","2021-11-26 14:43:08",NULL
"119","Kabupaten","Donggala","29","-0.58333","119.85","2021-10-20 15:19:47","2021-11-26 14:43:09",NULL
"120","Kota","Dumai","26","1.61592","101.4917","2021-10-20 15:19:47","2021-11-26 14:43:06",NULL
"121","Kabupaten","Empat Lawang","33","3.22667","99.09256","2021-10-20 15:19:47","2021-11-26 14:43:06",NULL
"122","Kabupaten","Ende","23","-8.84056","121.66389","2021-10-20 15:19:47","2021-11-26 14:43:08",NULL
"123","Kabupaten","Enrekang","28","-3.5","119.86667","2021-10-20 15:19:47","2021-11-26 14:43:09",NULL
"124","Kabupaten","Fakfak","25","-2.92641","132.29608","2021-10-20 15:19:47","2021-11-26 14:50:49",NULL
"125","Kabupaten","Flores Timur","23","-8.24224","122.96817","2021-10-20 15:19:47","2021-11-26 14:43:08",NULL
"126","Kabupaten","Garut","9","-7.38333","107.76667","2021-10-20 15:19:47","2021-11-26 14:43:07",NULL
"127","Kabupaten","Gayo Lues","21","3.95","97.39","2021-10-20 15:19:47","2021-11-26 14:43:03",NULL
"128","Kabupaten","Gianyar","1","-8.46667","115.28333","2021-10-20 15:19:47","2021-11-26 14:43:08",NULL
"129","Kabupaten","Gorontalo","7","0.5728","122.2337","2021-10-20 15:19:47","2021-11-26 14:43:10",NULL
"130","Kota","Gorontalo","7","0.53333","123.1","2021-10-20 15:19:47","2021-11-26 14:43:10",NULL
"131","Kabupaten","Gorontalo Utara","7","0.77","122.31667","2021-10-20 15:19:47","2021-11-26 14:43:10",NULL
"132","Kabupaten","Gowa","28","-5.31667","119.75","2021-10-20 15:19:47","2021-11-26 14:43:09",NULL
"133","Kabupaten","Gresik","11","-7.1933","112.553","2021-10-20 15:19:47","2021-11-26 14:43:08",NULL
"134","Kabupaten","Grobogan","10","-7.11667","110.91667","2021-10-20 15:19:47","2021-11-26 14:43:07",NULL
"135","Kabupaten","Gunung Kidul","5","-7.98333","110.61667","2021-10-20 15:19:47","2021-11-26 14:43:08",NULL
"136","Kabupaten","Gunung Mas","14","-0.95","113.5","2021-10-20 15:19:47","2021-11-26 14:43:09",NULL
"137","Kota","Gunungsitoli","34","1.32731","97.55018","2021-10-20 15:19:47","2021-11-26 14:43:05",NULL
"138","Kabupaten","Halmahera Barat","20","1.41709","127.55264","2021-10-20 15:19:47","2021-11-26 14:43:10",NULL
"139","Kabupaten","Halmahera Selatan","20","-0.3955","127.90833","2021-10-20 15:19:47","2021-11-26 14:43:10",NULL
"140","Kabupaten","Halmahera Tengah","20","0.48056","128.25","2021-10-20 15:19:47","2021-11-26 14:43:10",NULL
"141","Kabupaten","Halmahera Timur","20","1.33517","128.48627","2021-10-20 15:19:47","2021-11-26 14:43:10",NULL
"142","Kabupaten","Halmahera Utara","20","1.73194","128.00778","2021-10-20 15:19:47","2021-11-26 14:43:10",NULL
"143","Kabupaten","Hulu Sungai Selatan","13","-2.75","115.2","2021-10-20 15:19:47","2021-11-26 14:43:09",NULL
"144","Kabupaten","Hulu Sungai Tengah","13","-2.61667","115.41667","2021-10-20 15:19:47","2021-11-26 14:43:09",NULL
"145","Kabupaten","Hulu Sungai Utara","13","-2.45","115.13333","2021-10-20 15:19:47","2021-11-26 14:43:09",NULL
"146","Kabupaten","Humbang Hasundutan","34","2.26551","98.50376","2021-10-20 15:19:47","2021-11-26 14:43:04",NULL
"147","Kabupaten","Indragiri Hilir","26","-0.33333","103.16667","2021-10-20 15:19:47","2021-11-26 14:43:05",NULL
"148","Kabupaten","Indragiri Hulu","26","-0.55","102.31667","2021-10-20 15:19:47","2021-11-26 14:43:05",NULL
"149","Kabupaten","Indramayu","9","-6.45","108.16667","2021-10-20 15:19:47","2021-11-26 14:43:07",NULL
"150","Kabupaten","Intan Jaya","24","-3.41016","136.70837","2021-10-20 15:19:47","2021-11-26 14:43:10",NULL
"151","Kota","Jakarta Barat","6","-6.1676","106.7673","2021-10-20 15:19:47","2021-11-26 14:43:07",NULL
"152","Kota","Jakarta Pusat","6","-6.1777","106.8403","2021-10-20 15:19:47","2021-11-26 14:43:07",NULL
"153","Kota","Jakarta Selatan","6","-6.266","106.8135","2021-10-20 15:19:47","2021-11-26 14:43:07",NULL
"154","Kota","Jakarta Timur","6","-6.2521","106.884","2021-10-20 15:19:47","2021-11-26 14:43:07",NULL
"155","Kota","Jakarta Utara","6","-6.1339","106.8823","2021-10-20 15:19:47","2021-11-26 14:43:07",NULL
"156","Kota","Jambi","8","-1.61667","103.65","2021-10-20 15:19:47","2021-11-26 14:43:06",NULL
"157","Kabupaten","Jayapura","24","-3","139.95","2021-10-20 15:19:47","2021-11-26 14:43:10",NULL
"158","Kota","Jayapura","24","-2.64647","140.77779","2021-10-20 15:19:47","2021-11-26 14:43:10",NULL
"159","Kabupaten","Jayawijaya","24","-4.08333","139.08333","2021-10-20 15:19:47","2021-11-26 14:43:10",NULL
"160","Kabupaten","Jember","11","-8.25","113.65","2021-10-20 15:19:47","2021-11-26 14:43:08",NULL
"161","Kabupaten","Jembrana","1","-8.3","114.66667","2021-10-20 15:19:47","2021-11-26 14:43:08",NULL
"162","Kabupaten","Jeneponto","28","-5.63333","119.73333","2021-10-20 15:19:47","2021-11-26 14:43:09",NULL
"163","Kabupaten","Jepara","10","-6.58333","110.76667","2021-10-20 15:19:47","2021-11-26 14:43:07",NULL
"164","Kabupaten","Jombang","11","-7.55","112.25","2021-10-20 15:19:47","2021-11-26 14:43:08",NULL
"165","Kabupaten","Kaimana","25","-3.66093","133.77451","2021-10-20 15:19:47","2021-11-26 14:43:10",NULL
"166","Kabupaten","Kampar","26","0.2344","101.2131","2021-10-20 15:19:47","2021-11-26 14:43:05",NULL
"167","Kabupaten","Kapuas","14","-2.01667","114.38333","2021-10-20 15:19:47","2021-11-26 14:43:09",NULL
"168","Kabupaten","Kapuas Hulu","12","0.81667","112.76667","2021-10-20 15:19:47","2021-11-26 14:43:09",NULL
"169","Kabupaten","Karanganyar","10","-7.62806","111.0625","2021-10-20 15:19:47","2021-11-26 14:43:07",NULL
"170","Kabupaten","Karangasem","1","-8.3891","115.5393","2021-10-20 15:19:47","2021-11-26 14:47:07",NULL
"171","Kabupaten","Karawang","9","-6.26667","107.41667","2021-10-20 15:19:47","2021-11-26 14:43:07",NULL
"172","Kabupaten","Karimun","17","0.80764","103.41911","2021-10-20 15:19:47","2021-11-26 14:43:07",NULL
"173","Kabupaten","Karo","34","3.11667","98.3","2021-10-20 15:19:47","2021-11-26 14:43:04",NULL
"174","Kabupaten","Katingan","14","-2.06667","113.4","2021-10-20 15:19:47","2021-11-26 14:43:09",NULL
"175","Kabupaten","Kaur","4","-4.78179","103.36109","2021-10-20 15:19:47","2021-11-26 14:43:06",NULL
"176","Kabupaten","Kayong Utara","12","-1.43711","110.79781","2021-10-20 15:19:47","2021-11-26 14:43:09",NULL
"177","Kabupaten","Kebumen","10","-7.63917","109.66056","2021-10-20 15:19:47","2021-11-26 14:43:07",NULL
"178","Kabupaten","Kediri","11","-7.83333","112.16667","2021-10-20 15:19:47","2021-11-26 14:43:08",NULL
"179","Kota","Kediri","11","-7.83333","112.01667","2021-10-20 15:19:47","2021-11-26 14:43:08",NULL
"180","Kabupaten","Keerom","24","-3.3","140.61667","2021-10-20 15:19:47","2021-11-26 14:43:10",NULL
"181","Kabupaten","Kendal","10","-7.0256","110.1685","2021-10-20 15:19:47","2021-11-26 14:43:08",NULL
"182","Kota","Kendari","30","-3.98333","122.5","2021-10-20 15:19:47","2021-11-26 14:43:10",NULL
"183","Kabupaten","Kepahiang","4","-3.60194","102.56424","2021-10-20 15:19:47","2021-11-26 14:43:06",NULL
"184","Kabupaten","Kepulauan Anambas","17","3","106","2021-10-20 15:19:47","2021-11-26 14:43:07",NULL
"185","Kabupaten","Kepulauan Aru","19","-6.17059","134.46991","2021-10-20 15:19:47","2021-11-26 14:43:10",NULL
"186","Kabupaten","Kepulauan Mentawai","32","1.98917","99.51889","2021-10-20 15:19:47","2021-11-26 14:43:05",NULL
"187","Kabupaten","Kepulauan Meranti","26","0.97488","102.69539","2021-10-20 15:19:47","2021-11-26 14:43:06",NULL
"188","Kabupaten","Kepulauan Sangihe","31","3.5","125.55","2021-10-20 15:19:47","2021-11-26 14:43:09",NULL
"189","Kabupaten","Kepulauan Seribu","6","-5.5985","106.55271","2021-10-20 15:19:47","2021-11-26 14:43:07",NULL
"190","Kabupaten","Kepulauan Siau Tagulandang Biaro (Sitaro)","31","2.11728","125.37512","2021-10-20 15:19:47","2021-11-26 14:50:49",NULL
"191","Kabupaten","Kepulauan Sula","20","-1.8646","125.69046","2021-10-20 15:19:47","2021-11-26 14:43:10",NULL
"192","Kabupaten","Kepulauan Talaud","31","4.31178","126.78085","2021-10-20 15:19:47","2021-11-26 14:43:09",NULL
"193","Kabupaten","Kepulauan Yapen (Yapen Waropen)","24","-1.78773","136.27716","2021-10-20 15:19:47","2021-11-26 14:50:49",NULL
"194","Kabupaten","Kerinci","8","-2.03333","101.53333","2021-10-20 15:19:47","2021-11-26 14:43:06",NULL
"195","Kabupaten","Ketapang","12","-1.58333","110.5","2021-10-20 15:19:47","2021-11-26 14:43:09",NULL
"196","Kabupaten","Klaten","10","-7.68333","110.61667","2021-10-20 15:19:47","2021-11-26 14:43:07",NULL
"197","Kabupaten","Klungkung","1","-8.55","115.4","2021-10-20 15:19:47","2021-11-26 14:43:08",NULL
"198","Kabupaten","Kolaka","30","-4.08333","121.66667","2021-10-20 15:19:47","2021-11-26 14:43:10",NULL
"199","Kabupaten","Kolaka Utara","30","-3.10452","121.12427","2021-10-20 15:19:47","2021-11-26 14:43:10",NULL
"200","Kabupaten","Konawe","30","-3.91717","122.08823","2021-10-20 15:19:47","2021-11-26 14:43:10",NULL
"201","Kabupaten","Konawe Selatan","30","-4.19191","122.44854","2021-10-20 15:19:47","2021-11-26 14:43:10",NULL
"202","Kabupaten","Konawe Utara","30","-3.41552","121.99081","2021-10-20 15:19:47","2021-11-26 14:43:10",NULL
"203","Kabupaten","Kotabaru","13","-3","116","2021-10-20 15:19:47","2021-11-26 14:47:07",NULL
"204","Kota","Kotamobagu","31","0.68915","124.32678","2021-10-20 15:19:47","2021-11-26 14:43:09",NULL
"205","Kabupaten","Kotawaringin Barat","14","-2.4","111.73333","2021-10-20 15:19:47","2021-11-26 14:43:09",NULL
"206","Kabupaten","Kotawaringin Timur","14","-2.08333","112.75","2021-10-20 15:19:47","2021-11-26 14:43:09",NULL
"207","Kabupaten","Kuantan Singingi","26","-0.47532","101.45857","2021-10-20 15:19:47","2021-11-26 14:43:05",NULL
"208","Kabupaten","Kubu Raya","12","0.01637","109.33731","2021-10-20 15:19:47","2021-11-26 14:43:09",NULL
"209","Kabupaten","Kudus","10","-6.8","110.86667","2021-10-20 15:19:47","2021-11-26 14:43:07",NULL
"210","Kabupaten","Kulon Progo","5","-7.645","110.02694","2021-10-20 15:19:47","2021-11-26 14:43:08",NULL
"211","Kabupaten","Kuningan","9","-7","108.55","2021-10-20 15:19:47","2021-11-26 14:43:07",NULL
"212","Kabupaten","Kupang","23","-9.91667","123.83333","2021-10-20 15:19:47","2021-11-26 14:43:08",NULL
"213","Kota","Kupang","23","-10.21667","123.6","2021-10-20 15:19:47","2021-11-26 14:43:09",NULL
"214","Kabupaten","Kutai Barat","15","-0.59417","115.51575","2021-10-20 15:19:47","2021-11-26 14:43:09",NULL
"215","Kabupaten","Kutai Kartanegara","15","-0.44019","116.98139","2021-10-20 15:19:47","2021-11-26 14:43:09",NULL
"216","Kabupaten","Kutai Timur","15","1.03769","117.83112","2021-10-20 15:19:47","2021-11-26 14:43:09",NULL
"217","Kabupaten","Labuhan Batu","34","2.26667","100.1","2021-10-20 15:19:47","2021-11-26 14:43:04",NULL
"218","Kabupaten","Labuhan Batu Selatan","34","1.983","100.0976","2021-10-20 15:19:47","2021-11-26 14:43:04",NULL
"219","Kabupaten","Labuhan Batu Utara","34","2.33349","99.63776","2021-10-20 15:19:47","2021-11-26 14:43:04",NULL
"220","Kabupaten","Lahat","33","-3.7864","103.5428","2021-10-20 15:19:47","2021-11-26 14:43:06",NULL
"221","Kabupaten","Lamandau","14","-1.83828","111.2869","2021-10-20 15:19:47","2021-11-26 14:43:09",NULL
"222","Kabupaten","Lamongan","11","-7.13333","112.31667","2021-10-20 15:19:47","2021-11-26 14:43:08",NULL
"223","Kabupaten","Lampung Barat","18","-5.14904","104.19309","2021-10-20 15:19:47","2021-11-26 14:43:06",NULL
"224","Kabupaten","Lampung Selatan","18","-5.4531","104.9877","2021-10-20 15:19:47","2021-11-26 14:43:06",NULL
"225","Kabupaten","Lampung Tengah","18","-4.86667","105.26667","2021-10-20 15:19:47","2021-11-26 14:43:06",NULL
"226","Kabupaten","Lampung Timur","18","-5.10273","105.68003","2021-10-20 15:19:47","2021-11-26 14:43:06",NULL
"227","Kabupaten","Lampung Utara","18","-4.81667","104.8","2021-10-20 15:19:47","2021-11-26 14:43:07",NULL
"228","Kabupaten","Landak","12","0.42373","109.75917","2021-10-20 15:19:47","2021-11-26 14:43:09",NULL
"229","Kabupaten","Langkat","34","3.71667","98.21667","2021-10-20 15:19:47","2021-11-26 14:43:04",NULL
"230","Kota","Langsa","21","4.47","97.93","2021-10-20 15:19:47","2021-11-26 14:43:03",NULL
"231","Kabupaten","Lanny Jaya","24","-3.91244","138.28766","2021-10-20 15:19:47","2021-11-26 14:43:10",NULL
"232","Kabupaten","Lebak","3","-6.65","106.21667","2021-10-20 15:19:47","2021-11-26 14:43:08",NULL
"233","Kabupaten","Lebong","4","-3.24278","102.3349","2021-10-20 15:19:47","2021-11-26 14:43:06",NULL
"234","Kabupaten","Lembata","23","-8.41396","123.55225","2021-10-20 15:19:47","2021-11-26 14:43:08",NULL
"235","Kota","Lhokseumawe","21","5.13333","97.06667","2021-10-20 15:19:47","2021-11-26 14:43:03",NULL
"236","Kabupaten","Lima Puluh Koto/Kota","32","-0.0168","100.5872","2021-10-20 15:19:47","2021-11-26 14:47:06",NULL
"237","Kabupaten","Lingga","17","0.2","104.61667","2021-10-20 15:19:47","2021-11-26 14:43:07",NULL
"238","Kabupaten","Lombok Barat","22","-8.69583","116.11667","2021-10-20 15:19:47","2021-11-26 14:43:08",NULL
"239","Kabupaten","Lombok Tengah","22","-8.7","116.3","2021-10-20 15:19:47","2021-11-26 14:43:08",NULL
"240","Kabupaten","Lombok Timur","22","-8.53333","116.53333","2021-10-20 15:19:47","2021-11-26 14:43:08",NULL
"241","Kabupaten","Lombok Utara","22","-8.35214","116.40152","2021-10-20 15:19:47","2021-11-26 14:43:08",NULL
"242","Kota","Lubuk Linggau","33","-3.29308","102.85503","2021-10-20 15:19:47","2021-11-26 14:43:06",NULL
"243","Kabupaten","Lumajang","11","-8.11667","113.15","2021-10-20 15:19:47","2021-11-26 14:43:08",NULL
"244","Kabupaten","Luwu","28","-2.5577","121.3242","2021-10-20 15:19:47","2021-11-26 14:43:09",NULL
"245","Kabupaten","Luwu Timur","28","-2.50957","120.3978","2021-10-20 15:19:47","2021-11-26 14:43:10",NULL
"246","Kabupaten","Luwu Utara","28","-2.6","120.25","2021-10-20 15:19:47","2021-11-26 14:43:10",NULL
"247","Kabupaten","Madiun","11","-7.61667","111.65","2021-10-20 15:19:47","2021-11-26 14:43:08",NULL
"248","Kota","Madiun","11","-7.63333","111.53333","2021-10-20 15:19:47","2021-11-26 14:43:08",NULL
"249","Kabupaten","Magelang","10","-7.4275","110.16194","2021-10-20 15:19:47","2021-11-26 14:43:07",NULL
"250","Kota","Magelang","10","-7.5","110.225","2021-10-20 15:19:47","2021-11-26 14:43:08",NULL
"251","Kabupaten","Magetan","11","-7.64472","111.35917","2021-10-20 15:19:47","2021-11-26 14:43:08",NULL
"252","Kabupaten","Majalengka","9","-6.81667","108.28333","2021-10-20 15:19:47","2021-11-26 14:43:07",NULL
"253","Kabupaten","Majene","27","-3.15","118.86667","2021-10-20 15:19:47","2021-11-26 14:43:10",NULL
"254","Kota","Makassar","28","-5.15","119.45","2021-10-20 15:19:47","2021-11-26 14:43:10",NULL
"255","Kabupaten","Malang","11","-8.16667","112.66667","2021-10-20 15:19:47","2021-11-26 14:43:08",NULL
"256","Kota","Malang","11","-7.975","112.63333","2021-10-20 15:19:47","2021-11-26 14:43:08",NULL
"257","Kabupaten","Malinau","16","2.45","115.68333","2021-10-20 15:19:47","2021-11-26 14:43:09",NULL
"258","Kabupaten","Maluku Barat Daya","19","-7.8296","126.17386","2021-10-20 15:19:47","2021-11-26 14:43:10",NULL
"259","Kabupaten","Maluku Tengah","19","-3.29167","128.9675","2021-10-20 15:19:47","2021-11-26 14:43:10",NULL
"260","Kabupaten","Maluku Tenggara","19","-5.75","132.73334","2021-10-20 15:19:47","2021-11-26 14:43:10",NULL
"261","Kabupaten","Maluku Tenggara Barat","19","-7.61186","131.38","2021-10-20 15:19:47","2021-11-26 14:43:10",NULL
"262","Kabupaten","Mamasa","27","-2.96492","119.30631","2021-10-20 15:19:47","2021-11-26 14:43:10",NULL
"263","Kabupaten","Mamberamo Raya","24","-2.23561","137.78229","2021-10-20 15:19:47","2021-11-26 14:43:10",NULL
"264","Kabupaten","Mamberamo Tengah","24","-2.46064","138.45245","2021-10-20 15:19:47","2021-11-26 14:43:10",NULL
"265","Kabupaten","Mamuju","27","-2.5","119.41667","2021-10-20 15:19:47","2021-11-26 14:43:10",NULL
"266","Kabupaten","Mamuju Utara","27","-1.51639","119.42139","2021-10-20 15:19:47","2021-11-26 14:43:10",NULL
"267","Kota","Manado","31","1.51667","124.88333","2021-10-20 15:19:47","2021-11-26 14:43:09",NULL
"268","Kabupaten","Mandailing Natal","34","0.78378","99.25495","2021-10-20 15:19:47","2021-11-26 14:43:04",NULL
"269","Kabupaten","Manggarai","23","-8.56667","120.41667","2021-10-20 15:19:47","2021-11-26 14:43:08",NULL
"270","Kabupaten","Manggarai Barat","23","-8.64484","119.88281","2021-10-20 15:19:47","2021-11-26 14:43:09",NULL
"271","Kabupaten","Manggarai Timur","23","-8.55533","120.59761","2021-10-20 15:19:47","2021-11-26 14:43:09",NULL
"272","Kabupaten","Manokwari","25","-0.9","133.75","2021-10-20 15:19:47","2021-11-26 14:43:10",NULL
"273","Kabupaten","Manokwari Selatan","25","-1.0798","133.96729","2021-10-20 15:19:47","2021-11-26 14:43:10",NULL
"274","Kabupaten","Mappi","24","-6.49971","139.34441","2021-10-20 15:19:47","2021-11-26 14:43:10",NULL
"275","Kabupaten","Maros","28","-5.05","119.71667","2021-10-20 15:19:47","2021-11-26 14:43:09",NULL
"276","Kota","Mataram","22","-8.5833","116.1167","2021-10-20 15:19:47","2021-11-26 14:43:08",NULL
"277","Kabupaten","Maybrat","25","-1.2155","132.35092","2021-10-20 15:19:47","2021-11-26 14:43:10",NULL
"278","Kota","Medan","34","3.65","98.66667","2021-10-20 15:19:47","2021-11-26 14:43:04",NULL
"279","Kabupaten","Melawi","12","-0.33617","111.698","2021-10-20 15:19:47","2021-11-26 14:43:09",NULL
"280","Kabupaten","Merangin","8","-2.06933","102.13303","2021-10-20 15:19:47","2021-11-26 14:43:06",NULL
"281","Kabupaten","Merauke","24","-7.66667","139.66667","2021-10-20 15:19:47","2021-11-26 14:43:10",NULL
"282","Kabupaten","Mesuji","18","-4.0439","105.4013","2021-10-20 15:19:47","2021-11-26 14:43:07",NULL
"283","Kota","Metro","18","-5.11856","105.29949","2021-10-20 15:19:47","2021-11-26 14:43:07",NULL
"284","Kabupaten","Mimika","24","-4.54357","136.56555","2021-10-20 15:19:47","2021-11-26 14:43:10",NULL
"285","Kabupaten","Minahasa","31","1.2537","124.83","2021-10-20 15:19:47","2021-11-26 14:43:09",NULL
"286","Kabupaten","Minahasa Selatan","31","1.21291","124.59708","2021-10-20 15:19:47","2021-11-26 14:43:09",NULL
"287","Kabupaten","Minahasa Tenggara","31","1.05633","124.7925","2021-10-20 15:19:47","2021-11-26 14:43:09",NULL
"288","Kabupaten","Minahasa Utara","31","1.4025","124.96","2021-10-20 15:19:47","2021-11-26 14:43:09",NULL
"289","Kabupaten","Mojokerto","11","-7.55","112.5","2021-10-20 15:19:47","2021-11-26 14:43:08",NULL
"290","Kota","Mojokerto","11","-7.46667","112.43333","2021-10-20 15:19:47","2021-11-26 14:43:08",NULL
"291","Kabupaten","Morowali","29","-1.89342","121.25473","2021-10-20 15:19:47","2021-11-26 14:43:09",NULL
"292","Kabupaten","Muara Enim","33","-4.2327","103.6141","2021-10-20 15:19:47","2021-11-26 14:43:06",NULL
"293","Kabupaten","Muaro Jambi","8","-1.55214","103.82163","2021-10-20 15:19:47","2021-11-26 14:43:06",NULL
"294","Kabupaten","Muko Muko","4","-3.07438","101.54766","2021-10-20 15:19:47","2021-11-26 14:50:48",NULL
"295","Kabupaten","Muna","30","-4.96667","122.66667","2021-10-20 15:19:47","2021-11-26 14:43:10",NULL
"296","Kabupaten","Murung Raya","14","-0.01667","114.26667","2021-10-20 15:19:47","2021-11-26 14:43:09",NULL
"297","Kabupaten","Musi Banyuasin","33","-2.41667","103.75","2021-10-20 15:19:47","2021-11-26 14:47:06",NULL
"298","Kabupaten","Musi Rawas","33","-3.08333","103.2","2021-10-20 15:19:47","2021-11-26 14:43:06",NULL
"299","Kabupaten","Nabire","24","-3.54016","135.55511","2021-10-20 15:19:47","2021-11-26 14:43:10",NULL
"300","Kabupaten","Nagan Raya","21","4.16667","96.51667","2021-10-20 15:19:47","2021-11-26 14:43:03",NULL
"301","Kabupaten","Nagekeo","23","-8.8721","121.20963","2021-10-20 15:19:47","2021-11-26 14:43:09",NULL
"302","Kabupaten","Natuna","17","4.71417","107.97639","2021-10-20 15:19:47","2021-11-26 14:43:07",NULL
"303","Kabupaten","Nduga","24","-4.45093","138.10089","2021-10-20 15:19:47","2021-11-26 14:43:10",NULL
"304","Kabupaten","Ngada","23","-8.66667","121","2021-10-20 15:19:47","2021-11-26 14:43:08",NULL
"305","Kabupaten","Nganjuk","11","-7.6","111.93333","2021-10-20 15:19:47","2021-11-26 14:43:08",NULL
"306","Kabupaten","Ngawi","11","-7.47444","111.33444","2021-10-20 15:19:47","2021-11-26 14:43:08",NULL
"307","Kabupaten","Nias","34","1.03333","97.76667","2021-10-20 15:19:47","2021-11-26 14:43:03",NULL
"308","Kabupaten","Nias Barat","34","1.05966","97.58606","2021-10-20 15:19:47","2021-11-26 14:43:04",NULL
"309","Kabupaten","Nias Selatan","34","0.77","97.75","2021-10-20 15:19:47","2021-11-26 14:43:04",NULL
"310","Kabupaten","Nias Utara","34","1.33037","97.31964","2021-10-20 15:19:47","2021-11-26 14:43:04",NULL
"311","Kabupaten","Nunukan","16","4.13333","116.7","2021-10-20 15:19:47","2021-11-26 14:43:09",NULL
"312","Kabupaten","Ogan Ilir","33","-3.43186","104.62727","2021-10-20 15:19:47","2021-11-26 14:43:06",NULL
"313","Kabupaten","Ogan Komering Ilir","33","-3.36667","105.36667","2021-10-20 15:19:47","2021-11-26 14:43:06",NULL
"314","Kabupaten","Ogan Komering Ulu","33","-4.13333","104.03333","2021-10-20 15:19:47","2021-11-26 14:43:06",NULL
"315","Kabupaten","Ogan Komering Ulu Selatan","33","-4.65728","104.00659","2021-10-20 15:19:47","2021-11-26 14:43:06",NULL
"316","Kabupaten","Ogan Komering Ulu Timur","33","-3.85679","104.75209","2021-10-20 15:19:47","2021-11-26 14:43:06",NULL
"317","Kabupaten","Pacitan","11","-8.13333","111.16667","2021-10-20 15:19:47","2021-11-26 14:43:08",NULL
"318","Kota","Padang","32","-0.98333","100.45","2021-10-20 15:19:47","2021-11-26 14:43:05",NULL
"319","Kabupaten","Padang Lawas","34","1.44684","99.99207","2021-10-20 15:19:47","2021-11-26 14:43:04",NULL
"320","Kabupaten","Padang Lawas Utara","34","1.46011","99.67346","2021-10-20 15:19:47","2021-11-26 14:43:04",NULL
"321","Kota","Padang Panjang","32","-0.45","100.43333","2021-10-20 15:19:47","2021-11-26 14:43:05",NULL
"322","Kabupaten","Padang Pariaman","32","-0.6","100.28333","2021-10-20 15:19:47","2021-11-26 14:43:05",NULL
"323","Kota","Padang Sidempuan","34","1.37375","99.26843","2021-10-20 15:19:47","2021-11-26 14:43:05",NULL
"324","Kota","Pagar Alam","33","-4.13055","103.26822","2021-10-20 15:19:47","2021-11-26 14:43:06",NULL
"325","Kabupaten","Pakpak Bharat","34","2.56667","98.28333","2021-10-20 15:19:47","2021-11-26 14:43:04",NULL
"326","Kota","Palangka Raya","14","-1.76979","113.73126","2021-10-20 15:19:47","2021-11-26 14:43:09",NULL
"327","Kota","Palembang","33","-3","104.71667","2021-10-20 15:19:47","2021-11-26 14:43:06",NULL
"328","Kota","Palopo","28","-2.97841","120.11078","2021-10-20 15:19:47","2021-11-26 14:43:10",NULL
"329","Kota","Palu","29","-0.86972","119.9","2021-10-20 15:19:47","2021-11-26 14:43:09",NULL
"330","Kabupaten","Pamekasan","11","-7.06667","113.5","2021-10-20 15:19:47","2021-11-26 14:43:08",NULL
"331","Kabupaten","Pandeglang","3","-6.63333","105.75","2021-10-20 15:19:47","2021-11-26 14:43:08",NULL
"332","Kabupaten","Pangandaran","9","-7.6673","108.64037","2021-10-20 15:19:47","2021-11-26 14:43:07",NULL
"333","Kabupaten","Pangkajene Kepulauan","28","-4.7827","119.5506","2021-10-20 15:19:47","2021-11-26 14:51:12",NULL
"334","Kota","Pangkal Pinang","2","-2.13333","106.13333","2021-10-20 15:19:47","2021-11-26 14:43:07",NULL
"335","Kabupaten","Paniai","24","-3.9","136.60001","2021-10-20 15:19:47","2021-11-26 14:43:10",NULL
"336","Kota","Parepare","28","-4.03333","119.65","2021-10-20 15:19:47","2021-11-26 14:50:49",NULL
"337","Kota","Pariaman","32","-0.62682","100.12047","2021-10-20 15:19:47","2021-11-26 14:43:05",NULL
"338","Kabupaten","Parigi Moutong","29","0.3368","120.17841","2021-10-20 15:19:47","2021-11-26 14:43:09",NULL
"339","Kabupaten","Pasaman","32","0.42503","99.94606","2021-10-20 15:19:47","2021-11-26 14:43:05",NULL
"340","Kabupaten","Pasaman Barat","32","0.28152","99.51965","2021-10-20 15:19:47","2021-11-26 14:43:05",NULL
"341","Kabupaten","Paser","15","-1.43517","116.23535","2021-10-20 15:19:47","2021-11-26 14:43:09",NULL
"342","Kabupaten","Pasuruan","11","-7.73333","112.83333","2021-10-20 15:19:47","2021-11-26 14:43:08",NULL
"343","Kota","Pasuruan","11","-7.65","112.9","2021-10-20 15:19:47","2021-11-26 14:43:08",NULL
"344","Kabupaten","Pati","10","-6.76667","111.1","2021-10-20 15:19:47","2021-11-26 14:43:07",NULL
"345","Kota","Payakumbuh","32","-0.23333","100.63333","2021-10-20 15:19:47","2021-11-26 14:43:05",NULL
"346","Kabupaten","Pegunungan Arfak","25","-0.93523","133.89587","2021-10-20 15:19:47","2021-11-26 14:43:10",NULL
"347","Kabupaten","Pegunungan Bintang","24","-4.52167","140.29541","2021-10-20 15:19:47","2021-11-26 14:43:10",NULL
"348","Kabupaten","Pekalongan","10","-7.0319","109.624","2021-10-20 15:19:47","2021-11-26 14:43:08",NULL
"349","Kota","Pekalongan","10","-6.9","109.68333","2021-10-20 15:19:47","2021-11-26 14:43:08",NULL
"350","Kota","Pekanbaru","26","0.53333","101.46667","2021-10-20 15:19:47","2021-11-26 14:43:06",NULL
"351","Kabupaten","Pelalawan","26","0.20822","102.18607","2021-10-20 15:19:47","2021-11-26 14:43:05",NULL
"352","Kabupaten","Pemalang","10","-7.03333","109.4","2021-10-20 15:19:47","2021-11-26 14:43:08",NULL
"353","Kota","Pematang Siantar","34","2.96667","99.05","2021-10-20 15:19:47","2021-11-26 14:43:04",NULL
"354","Kabupaten","Penajam Paser Utara","15","-1.25","116.83333","2021-10-20 15:19:47","2021-11-26 14:43:09",NULL
"355","Kabupaten","Pesawaran","18","-5.4298","105.17899","2021-10-20 15:19:47","2021-11-26 14:43:07",NULL
"356","Kabupaten","Pesisir Barat","18","-5.19323","103.93976","2021-10-20 15:19:47","2021-11-26 14:43:07",NULL
"357","Kabupaten","Pesisir Selatan","32","-1.58333","100.85","2021-10-20 15:19:47","2021-11-26 14:43:05",NULL
"358","Kabupaten","Pidie","21","5.08","96.11","2021-10-20 15:19:47","2021-11-26 14:43:03",NULL
"359","Kabupaten","Pidie Jaya","21","5.15","96.21667","2021-10-20 15:19:47","2021-11-26 14:43:03",NULL
"360","Kabupaten","Pinrang","28","-3.61667","119.6","2021-10-20 15:19:47","2021-11-26 14:43:09",NULL
"361","Kabupaten","Pohuwato","7","0.7098","121.59582","2021-10-20 15:19:47","2021-11-26 14:43:10",NULL
"362","Kabupaten","Polewali Mandar","27","-3.3","119.16667","2021-10-20 15:19:47","2021-11-26 14:43:10",NULL
"363","Kabupaten","Ponorogo","11","-7.93333","111.5","2021-10-20 15:19:47","2021-11-26 14:43:08",NULL
"364","Kabupaten","Pontianak","12","-0.08333","109.36667","2021-10-20 15:19:47","2021-11-26 14:50:48",NULL
"365","Kota","Pontianak","12","-0.08333","109.36667","2021-10-20 15:19:47","2021-11-26 14:43:09",NULL
"366","Kabupaten","Poso","29","-1.65","120.5","2021-10-20 15:19:47","2021-11-26 14:43:09",NULL
"367","Kota","Prabumulih","33","-3.46202","104.2229","2021-10-20 15:19:47","2021-11-26 14:43:06",NULL
"368","Kabupaten","Pringsewu","18","-5.42211","104.93454","2021-10-20 15:19:47","2021-11-26 14:43:07",NULL
"369","Kabupaten","Probolinggo","11","-7.86667","113.31667","2021-10-20 15:19:47","2021-11-26 14:43:08",NULL
"370","Kota","Probolinggo","11","-7.78333","113.21667","2021-10-20 15:19:47","2021-11-26 14:43:08",NULL
"371","Kabupaten","Pulang Pisau","14","-3.11858","113.8623","2021-10-20 15:19:47","2021-11-26 14:43:09",NULL
"372","Kabupaten","Pulau Morotai","20","2.19924","128.40546","2021-10-20 15:19:47","2021-11-26 14:43:10",NULL
"373","Kabupaten","Puncak","24","-4.14204","137.09702","2021-10-20 15:19:47","2021-11-26 14:43:10",NULL
"374","Kabupaten","Puncak Jaya","24","-3.67241","137.43896","2021-10-20 15:19:47","2021-11-26 14:43:10",NULL
"375","Kabupaten","Purbalingga","10","-7.28417","109.35028","2021-10-20 15:19:47","2021-11-26 14:43:07",NULL
"376","Kabupaten","Purwakarta","9","-6.58333","107.45","2021-10-20 15:19:47","2021-11-26 14:43:07",NULL
"377","Kabupaten","Purworejo","10","-7.7","109.96667","2021-10-20 15:19:47","2021-11-26 14:43:07",NULL
"378","Kabupaten","Raja Ampat","25","-0.5","130","2021-10-20 15:19:47","2021-11-26 14:43:10",NULL
"379","Kabupaten","Rejang Lebong","4","-3.43333","102.71667","2021-10-20 15:19:47","2021-11-26 14:43:06",NULL
"380","Kabupaten","Rembang","10","-6.78333","111.46667","2021-10-20 15:19:47","2021-11-26 14:43:07",NULL
"381","Kabupaten","Rokan Hilir","26","2.16599","100.82514","2021-10-20 15:19:47","2021-11-26 14:43:06",NULL
"382","Kabupaten","Rokan Hulu","26","0.88333","100.48333","2021-10-20 15:19:47","2021-11-26 14:43:06",NULL
"383","Kabupaten","Rote Ndao","23","-10.73617","123.12054","2021-10-20 15:19:47","2021-11-26 14:43:09",NULL
"384","Kota","Sabang","21","5.82164","95.31086","2021-10-20 15:19:47","2021-11-26 14:43:03",NULL
"385","Kabupaten","Sabu Raijua","23","-10.56286","121.78894","2021-10-20 15:19:47","2021-11-26 14:43:09",NULL
"386","Kota","Salatiga","10","-7.33278","110.48333","2021-10-20 15:19:47","2021-11-26 14:43:08",NULL
"387","Kota","Samarinda","15","-0.43333","117.18333","2021-10-20 15:19:47","2021-11-26 14:43:09",NULL
"388","Kabupaten","Sambas","12","1.41667","109.33333","2021-10-20 15:19:47","2021-11-26 14:43:09",NULL
"389","Kabupaten","Samosir","34","2.64025","98.71525","2021-10-20 15:19:47","2021-11-26 14:43:04",NULL
"390","Kabupaten","Sampang","11","-7.05","113.25","2021-10-20 15:19:47","2021-11-26 14:43:08",NULL
"391","Kabupaten","Sanggau","12","0.25472","110.45","2021-10-20 15:19:47","2021-11-26 14:43:09",NULL
"392","Kabupaten","Sarmi","24","-2.41667","139.08333","2021-10-20 15:19:47","2021-11-26 14:43:10",NULL
"393","Kabupaten","Sarolangun","8","-2.3","102.65","2021-10-20 15:19:47","2021-11-26 14:43:06",NULL
"394","Kota","Sawah Lunto","32","-0.6","100.75","2021-10-20 15:19:47","2021-11-26 14:43:05",NULL
"395","Kabupaten","Sekadau","12","0.03485","110.95066","2021-10-20 15:19:47","2021-11-26 14:43:09",NULL
"396","Kabupaten","Selayar (Kepulauan Selayar)","28","-6.81667","120.8","2021-10-20 15:19:47","2021-11-26 14:50:49",NULL
"397","Kabupaten","Seluma","4","-3.96644","102.47429","2021-10-20 15:19:47","2021-11-26 14:43:06",NULL
"398","Kabupaten","Semarang","10","-7.20667","110.44139","2021-10-20 15:19:47","2021-11-26 14:43:07",NULL
"399","Kota","Semarang","10","-7.03333","110.38333","2021-10-20 15:19:47","2021-11-26 14:43:08",NULL
"400","Kabupaten","Seram Bagian Barat","19","-3.1027","128.42996","2021-10-20 15:19:47","2021-11-26 14:43:10",NULL
"401","Kabupaten","Seram Bagian Timur","19","-3.39851","130.39166","2021-10-20 15:19:47","2021-11-26 14:43:10",NULL
"402","Kabupaten","Serang","3","-6.15","106","2021-10-20 15:19:47","2021-11-26 14:43:08",NULL
"403","Kota","Serang","3","-6.12563","106.14999","2021-10-20 15:19:47","2021-11-26 14:43:08",NULL
"404","Kabupaten","Serdang Bedagai","34","3.36667","99.03333","2021-10-20 15:19:47","2021-11-26 14:43:04",NULL
"405","Kabupaten","Seruyan","14","-2.33333","112.25","2021-10-20 15:19:47","2021-11-26 14:43:09",NULL
"406","Kabupaten","Siak","26","0.97453","102.01355","2021-10-20 15:19:47","2021-11-26 14:43:05",NULL
"407","Kota","Sibolga","34","1.73333","98.8","2021-10-20 15:19:47","2021-11-26 14:43:04",NULL
"408","Kabupaten","Sidenreng Rappang/Rapang","28","-3.85","119.96667","2021-10-20 15:19:47","2021-11-26 14:50:49",NULL
"409","Kabupaten","Sidoarjo","11","-7.45","112.7","2021-10-20 15:19:47","2021-11-26 14:43:08",NULL
"410","Kabupaten","Sigi","29","-1.385","119.96694","2021-10-20 15:19:47","2021-11-26 14:43:09",NULL
"411","Kabupaten","Sijunjung (Sawah Lunto Sijunjung)","32","-1.1827","101.6056","2021-10-20 15:19:47","2021-11-26 14:50:47",NULL
"412","Kabupaten","Sikka","23","-8.66667","122.36667","2021-10-20 15:19:47","2021-11-26 14:43:08",NULL
"413","Kabupaten","Simalungun","34","2.9","99","2021-10-20 15:19:47","2021-11-26 14:43:04",NULL
"414","Kabupaten","Simeulue","21","2.61667","96.08333","2021-10-20 15:19:47","2021-11-26 14:43:02",NULL
"415","Kota","Singkawang","12","0.90734","109.00103","2021-10-20 15:19:47","2021-11-26 14:43:09",NULL
"416","Kabupaten","Sinjai","28","-5.21667","120.15","2021-10-20 15:19:47","2021-11-26 14:43:09",NULL
"417","Kabupaten","Sintang","12","-0.08333","112.08333","2021-10-20 15:19:47","2021-11-26 14:43:09",NULL
"418","Kabupaten","Situbondo","11","-7.71667","114.05","2021-10-20 15:19:47","2021-11-26 14:43:08",NULL
"419","Kabupaten","Sleman","5","-7.68167","110.32333","2021-10-20 15:19:47","2021-11-26 14:43:08",NULL
"420","Kabupaten","Solok","32","-0.96667","100.81667","2021-10-20 15:19:47","2021-11-26 14:43:05",NULL
"421","Kota","Solok","32","-0.76667","100.61667","2021-10-20 15:19:47","2021-11-26 14:43:05",NULL
"422","Kabupaten","Solok Selatan","32","-1.23333","101.417","2021-10-20 15:19:47","2021-11-26 14:43:05",NULL
"423","Kabupaten","Soppeng","28","-4.3842","119.89","2021-10-20 15:19:47","2021-11-26 14:43:09",NULL
"424","Kabupaten","Sorong","25","-1.16667","131.5","2021-10-20 15:19:47","2021-11-26 14:43:10",NULL
"425","Kota","Sorong","25","-0.86507","131.25153","2021-10-20 15:19:47","2021-11-26 14:43:10",NULL
"426","Kabupaten","Sorong Selatan","25","-1.50495","132.28638","2021-10-20 15:19:47","2021-11-26 14:43:10",NULL
"427","Kabupaten","Sragen","10","-7.41278","110.935","2021-10-20 15:19:47","2021-11-26 14:43:07",NULL
"428","Kabupaten","Subang","9","-6.50833","107.7025","2021-10-20 15:19:47","2021-11-26 14:43:07",NULL
"429","Kota","Subulussalam","21","2.75","97.93333","2021-10-20 15:19:47","2021-11-26 14:43:03",NULL
"430","Kabupaten","Sukabumi","9","-7.06667","106.7","2021-10-20 15:19:47","2021-11-26 14:43:07",NULL
"431","Kota","Sukabumi","9","-6.95","106.93333","2021-10-20 15:19:47","2021-11-26 14:43:07",NULL
"432","Kabupaten","Sukamara","14","-2.62675","111.23681","2021-10-20 15:19:47","2021-11-26 14:43:09",NULL
"433","Kabupaten","Sukoharjo","10","-7.68333","110.83333","2021-10-20 15:19:47","2021-11-26 14:43:07",NULL
"434","Kabupaten","Sumba Barat","23","-9.56667","119.45","2021-10-20 15:19:47","2021-11-26 14:43:08",NULL
"435","Kabupaten","Sumba Barat Daya","23","-9.56216","119.08905","2021-10-20 15:19:47","2021-11-26 14:43:09",NULL
"436","Kabupaten","Sumba Tengah","23","-9.62941","119.61914","2021-10-20 15:19:47","2021-11-26 14:43:09",NULL
"437","Kabupaten","Sumba Timur","23","-9.88333","120.25","2021-10-20 15:19:47","2021-11-26 14:43:08",NULL
"438","Kabupaten","Sumbawa","22","-8.7439","117.3324","2021-10-20 15:19:47","2021-11-26 14:43:08",NULL
"439","Kabupaten","Sumbawa Barat","22","-8.75159","116.92132","2021-10-20 15:19:47","2021-11-26 14:43:08",NULL
"440","Kabupaten","Sumedang","9","-6.81667","107.98333","2021-10-20 15:19:47","2021-11-26 14:43:07",NULL
"441","Kabupaten","Sumenep","11","-7.11667","114.33333","2021-10-20 15:19:47","2021-11-26 14:43:08",NULL
"442","Kota","Sungai Penuh","8","-2.10896","101.32175","2021-10-20 15:19:47","2021-11-26 14:47:06",NULL
"443","Kabupaten","Supiori","24","-0.73881","135.61111","2021-10-20 15:19:47","2021-11-26 14:43:10",NULL
"444","Kota","Surabaya","11","-7.26667","112.71667","2021-10-20 15:19:47","2021-11-26 14:43:08",NULL
"445","Kota","Surakarta","10","-7.55","110.81667","2021-10-20 15:19:47","2021-11-26 14:47:06",NULL
"446","Kabupaten","Tabalong","13","-1.88333","115.5","2021-10-20 15:19:47","2021-11-26 14:43:09",NULL
"447","Kabupaten","Tabanan","1","-8.43333","115.06667","2021-10-20 15:19:47","2021-11-26 14:43:08",NULL
"448","Kabupaten","Takalar","28","-5.41667","119.51667","2021-10-20 15:19:47","2021-11-26 14:43:09",NULL
"449","Kabupaten","Tambrauw","25","-0.60515","132.48962","2021-10-20 15:19:47","2021-11-26 14:43:10",NULL
"450","Kabupaten","Tana Tidung","16","3.55","117.25","2021-10-20 15:19:47","2021-11-26 14:43:09",NULL
"451","Kabupaten","Tana Toraja","28","-3.0024","119.79655","2021-10-20 15:19:47","2021-11-26 14:43:10",NULL
"452","Kabupaten","Tanah Bumbu","13","-3.45413","115.70372","2021-10-20 15:19:47","2021-11-26 14:43:09",NULL
"453","Kabupaten","Tanah Datar","32","-0.4555","100.5771","2021-10-20 15:19:47","2021-11-26 14:43:05",NULL
"454","Kabupaten","Tanah Laut","13","-3.88333","114.86667","2021-10-20 15:19:47","2021-11-26 14:43:09",NULL
"455","Kabupaten","Tangerang","3","-6.2","106.46667","2021-10-20 15:19:47","2021-11-26 14:43:08",NULL
"456","Kota","Tangerang","3","-6.17944","106.62991","2021-10-20 15:19:47","2021-11-26 14:43:08",NULL
"457","Kota","Tangerang Selatan","3","-6.29373","106.71244","2021-10-20 15:19:47","2021-11-26 14:43:08",NULL
"458","Kabupaten","Tanggamus","18","-5.38508","104.62349","2021-10-20 15:19:47","2021-11-26 14:43:06",NULL
"459","Kota","Tanjung Balai","34","2.95833","99.79167","2021-10-20 15:19:47","2021-11-26 14:43:04",NULL
"460","Kabupaten","Tanjung Jabung Barat","8","-1.1544","103.24402","2021-10-20 15:19:47","2021-11-26 14:43:06",NULL
"461","Kabupaten","Tanjung Jabung Timur","8","-1.13198","103.61755","2021-10-20 15:19:47","2021-11-26 14:43:06",NULL
"462","Kota","Tanjung Pinang","17","0.91683","104.44329","2021-10-20 15:19:47","2021-11-26 14:43:07",NULL
"463","Kabupaten","Tapanuli Selatan","34","1.51667","99.25","2021-10-20 15:19:47","2021-11-26 14:43:04",NULL
"464","Kabupaten","Tapanuli Tengah","34","1.9","98.66667","2021-10-20 15:19:47","2021-11-26 14:43:04",NULL
"465","Kabupaten","Tapanuli Utara","34","2.0028","99.0707","2021-10-20 15:19:47","2021-11-26 14:43:04",NULL
"466","Kabupaten","Tapin","13","-2.91667","115.03333","2021-10-20 15:19:47","2021-11-26 14:43:09",NULL
"467","Kota","Tarakan","16","3.36667","117.6","2021-10-20 15:19:47","2021-11-26 14:43:09",NULL
"468","Kabupaten","Tasikmalaya","9","-7.5","108.13333","2021-10-20 15:19:47","2021-11-26 14:43:07",NULL
"469","Kota","Tasikmalaya","9","-7.35","108.21667","2021-10-20 15:19:47","2021-11-26 14:43:07",NULL
"470","Kota","Tebing Tinggi","34","3.325","99.14167","2021-10-20 15:19:47","2021-11-26 14:43:04",NULL
"471","Kabupaten","Tebo","8","-1.45576","102.37473","2021-10-20 15:19:47","2021-11-26 14:43:06",NULL
"472","Kabupaten","Tegal","10","-7.03333","109.16667","2021-10-20 15:19:47","2021-11-26 14:43:08",NULL
"473","Kota","Tegal","10","-6.8686","109.1129","2021-10-20 15:19:47","2021-11-26 14:43:08",NULL
"474","Kabupaten","Teluk Bintuni","25","-1.88037","133.33105","2021-10-20 15:19:47","2021-11-26 14:43:10",NULL
"475","Kabupaten","Teluk Wondama","25","-2.7","134.5","2021-10-20 15:19:47","2021-11-26 14:43:10",NULL
"476","Kabupaten","Temanggung","10","-7.25","110.11667","2021-10-20 15:19:47","2021-11-26 14:43:07",NULL
"477","Kota","Ternate","20","0.89618","127.31016","2021-10-20 15:19:47","2021-11-26 14:43:10",NULL
"478","Kota","Tidore Kepulauan","20","0.60962","127.56981","2021-10-20 15:19:47","2021-11-26 14:43:10",NULL
"479","Kabupaten","Timor Tengah Selatan","23","-9.83333","124.4","2021-10-20 15:19:47","2021-11-26 14:43:08",NULL
"480","Kabupaten","Timor Tengah Utara","23","-9.33136","124.51904","2021-10-20 15:19:47","2021-11-26 14:43:08",NULL
"481","Kabupaten","Toba Samosir","34","2.39793","99.21678","2021-10-20 15:19:47","2021-11-26 14:43:04",NULL
"482","Kabupaten","Tojo Una-Una","29","-1.2036","121.48201","2021-10-20 15:19:47","2021-11-26 14:43:09",NULL
"483","Kabupaten","Toli-Toli","29","1.30862","120.88643","2021-10-20 15:19:47","2021-11-26 14:43:09",NULL
"484","Kabupaten","Tolikara","24","-3.42661","137.41699","2021-10-20 15:19:47","2021-11-26 14:43:10",NULL
"485","Kota","Tomohon","31","1.31307","124.83404","2021-10-20 15:19:47","2021-11-26 14:43:09",NULL
"486","Kabupaten","Toraja Utara","28","-2.92738","119.79218","2021-10-20 15:19:47","2021-11-26 14:43:10",NULL
"487","Kabupaten","Trenggalek","11","-8.16667","111.61667","2021-10-20 15:19:47","2021-11-26 14:43:08",NULL
"488","Kota","Tual","19","-5.64301","132.74934","2021-10-20 15:19:47","2021-11-26 14:43:10",NULL
"489","Kabupaten","Tuban","11","-6.96667","111.9","2021-10-20 15:19:47","2021-11-26 14:43:08",NULL
"490","Kabupaten","Tulang Bawang","18","-4.20604","105.57999","2021-10-20 15:19:47","2021-11-26 14:50:48",NULL
"491","Kabupaten","Tulang Bawang Barat","18","-4.43975","105.0444","2021-10-20 15:19:47","2021-11-26 14:43:07",NULL
"492","Kabupaten","Tulungagung","11","-8.11667","111.91667","2021-10-20 15:19:47","2021-11-26 14:43:08",NULL
"493","Kabupaten","Wajo","28","-4","120.16667","2021-10-20 15:19:47","2021-11-26 14:43:09",NULL
"494","Kabupaten","Wakatobi","30","-5.31934","123.5948","2021-10-20 15:19:47","2021-11-26 14:43:10",NULL
"495","Kabupaten","Waropen","24","-2.286","137.01837","2021-10-20 15:19:47","2021-11-26 14:43:10",NULL
"496","Kabupaten","Way Kanan","18","-4.44705","104.52753","2021-10-20 15:19:47","2021-11-26 14:43:07",NULL
"497","Kabupaten","Wonogiri","10","-7.91667","111","2021-10-20 15:19:47","2021-11-26 14:43:07",NULL
"498","Kabupaten","Wonosobo","10","-7.36139","109.92667","2021-10-20 15:19:47","2021-11-26 14:43:07",NULL
"499","Kabupaten","Yahukimo","24","-4.60403","139.58405","2021-10-20 15:19:47","2021-11-26 14:43:10",NULL
"500","Kabupaten","Yalimo","24","-3.86037","138.47305","2021-10-20 15:19:47","2021-11-26 14:43:10",NULL
"501","Kota","Yogyakarta","5","-7.8","110.375","2021-10-20 15:19:47","2021-11-26 14:43:08",NULL
